ID,Category,Date,Active Days,Average Exercise Duration (min),Label
ID_1,Type D,2018-01-01,887,97.23,Neutral
ID_2,Type A,2018-01-02,449,203.0,Neutral
ID_3,Type D,2018-01-03,181,480.92,Positive
ID_4,Type B,2018-01-04,680,163.78,Negative
ID_5,Type A,2018-01-05,685,221.18,Negative
ID_6,Type B,2018-01-06,491,263.43,Neutral
ID_7,Type A,2018-01-07,616,237.81,Negative
ID_8,Type B,2018-01-08,470,447.02,Negative
ID_9,Type A,2018-01-09,132,101.64,Neutral
ID_10,Type D,2018-01-10,31,498.92,Negative
ID_11,Type D,2018-01-11,918,314.71,Neutral
ID_12,Type D,2018-01-12,206,18.49,Positive
ID_13,Type B,2018-01-13,57,217.99,Negative
ID_14,Type C,2018-01-14,446,257.71,Negative
ID_15,Type B,2018-01-15,840,334.44,Positive
ID_16,Type D,2018-01-16,769,162.62,Positive
ID_17,Type D,2018-01-17,723,20.82,Positive
ID_18,Type B,2018-01-18,594,36.81,Neutral
ID_19,Type C,2018-01-19,55,359.28,Neutral
ID_20,Type D,2018-01-20,617,428.77,Positive
ID_21,Type D,2018-01-21,176,50.64,Negative
ID_22,Type C,2018-01-22,915,199.09,Negative
ID_23,Type D,2018-01-23,100,259.31,Negative
ID_24,Type D,2018-01-24,665,377.96,Positive
ID_25,Type C,2018-01-25,6,30.25,Positive
ID_26,Type C,2018-01-26,767,238.42,Neutral
ID_27,Type C,2018-01-27,326,192.39,Negative
ID_28,Type B,2018-01-28,771,377.22,Neutral
ID_29,Type D,2018-01-29,690,265.81,Neutral
ID_30,Type D,2018-01-30,133,150.51,Positive
ID_31,Type A,2018-01-31,998,94.24,Positive
ID_32,Type A,2018-02-01,839,71.4,Negative
ID_33,Type C,2018-02-02,497,170.31,Negative
ID_34,Type C,2018-02-03,935,292.42,Negative
ID_35,Type D,2018-02-04,998,183.73,Neutral
ID_36,Type C,2018-02-05,111,67.71,Positive
ID_37,Type C,2018-02-06,560,233.25,Negative
ID_38,Type D,2018-02-07,864,207.27,Positive
ID_39,Type C,2018-02-08,977,74.88,Neutral
ID_40,Type A,2018-02-09,672,99.5,Neutral
ID_41,Type C,2018-02-10,372,24.85,Negative
ID_42,Type D,2018-02-11,108,496.14,Positive
ID_43,Type B,2018-02-12,698,480.63,Negative
ID_44,Type C,2018-02-13,414,281.43,Negative
ID_45,Type C,2018-02-14,265,61.59,Negative
ID_46,Type B,2018-02-15,461,184.93,Negative
ID_47,Type B,2018-02-16,320,184.69,Positive
ID_48,Type D,2018-02-17,696,303.44,Negative
ID_49,Type D,2018-02-18,253,16.07,Negative
ID_50,Type B,2018-02-19,730,372.98,Negative
ID_51,Type C,2018-02-20,364,195.56,Neutral
ID_52,Type C,2018-02-21,968,270.86,Positive
ID_53,Type D,2018-02-22,744,335.56,Neutral
ID_54,Type D,2018-02-23,8,244.7,Negative
ID_55,Type A,2018-02-24,114,377.71,Positive
ID_56,Type C,2018-02-25,40,170.62,Negative
ID_57,Type B,2018-02-26,243,374.92,Negative
ID_58,Type D,2018-02-27,27,285.2,Neutral
ID_59,Type D,2018-02-28,202,442.23,Positive
ID_60,Type D,2018-03-01,117,494.89,Negative
ID_61,Type C,2018-03-02,610,25.95,Neutral
ID_62,Type A,2018-03-03,881,138.18,Neutral
ID_63,Type B,2018-03-04,658,351.75,Positive
ID_64,Type D,2018-03-05,555,152.48,Positive
ID_65,Type C,2018-03-06,242,240.59,Positive
ID_66,Type C,2018-03-07,506,416.83,Negative
ID_67,Type B,2018-03-08,431,146.57,Neutral
ID_68,Type A,2018-03-09,542,66.71,Negative
ID_69,Type A,2018-03-10,644,319.77,Negative
ID_70,Type B,2018-03-11,648,26.07,Positive
ID_71,Type A,2018-03-12,840,157.67,Neutral
ID_72,Type D,2018-03-13,910,367.24,Neutral
ID_73,Type B,2018-03-14,231,411.73,Positive
ID_74,Type A,2018-03-15,396,365.21,Neutral
ID_75,Type A,2018-03-16,26,105.21,Neutral
ID_76,Type A,2018-03-17,405,209.85,Negative
ID_77,Type D,2018-03-18,61,156.08,Positive
ID_78,Type D,2018-03-19,570,133.31,Negative
ID_79,Type A,2018-03-20,911,44.69,Negative
ID_80,Type C,2018-03-21,969,68.95,Negative
ID_81,Type B,2018-03-22,342,115.76,Positive
ID_82,Type C,2018-03-23,102,51.83,Positive
ID_83,Type C,2018-03-24,583,31.16,Neutral
ID_84,Type B,2018-03-25,244,327.17,Positive
ID_85,Type B,2018-03-26,850,428.04,Neutral
ID_86,Type C,2018-03-27,841,337.75,Neutral
ID_87,Type B,2018-03-28,876,389.74,Neutral
ID_88,Type D,2018-03-29,283,474.97,Positive
ID_89,Type B,2018-03-30,104,98.9,Positive
ID_90,Type D,2018-03-31,508,230.24,Positive
ID_91,Type C,2018-04-01,365,14.88,Negative
ID_92,Type B,2018-04-02,787,454.83,Neutral
ID_93,Type D,2018-04-03,59,84.72,Negative
ID_94,Type D,2018-04-04,531,133.68,Neutral
ID_95,Type A,2018-04-05,406,228.69,Neutral
ID_96,Type C,2018-04-06,633,73.99,Positive
ID_97,Type B,2018-04-07,676,474.89,Neutral
ID_98,Type A,2018-04-08,162,66.33,Neutral
ID_99,Type A,2018-04-09,878,214.63,Neutral
ID_100,Type A,2018-04-10,252,220.44,Negative
ID_101,Type C,2018-04-11,515,68.95,Negative
ID_102,Type A,2018-04-12,737,282.29,Negative
ID_103,Type C,2018-04-13,145,18.6,Neutral
ID_104,Type C,2018-04-14,723,388.71,Positive
ID_105,Type C,2018-04-15,638,118.94,Neutral
ID_106,Type B,2018-04-16,721,283.74,Negative
ID_107,Type A,2018-04-17,980,219.15,Positive
ID_108,Type C,2018-04-18,244,258.6,Neutral
ID_109,Type C,2018-04-19,971,134.18,Positive
ID_110,Type C,2018-04-20,206,375.83,Neutral
ID_111,Type D,2018-04-21,895,172.26,Neutral
ID_112,Type B,2018-04-22,289,349.35,Negative
ID_113,Type B,2018-04-23,70,421.46,Negative
ID_114,Type D,2018-04-24,397,280.32,Positive
ID_115,Type C,2018-04-25,317,224.21,Negative
ID_116,Type C,2018-04-26,174,277.23,Positive
ID_117,Type D,2018-04-27,781,387.2,Negative
ID_118,Type D,2018-04-28,562,406.87,Negative
ID_119,Type C,2018-04-29,614,230.54,Negative
ID_120,Type D,2018-04-30,538,492.11,Neutral
ID_121,Type B,2018-05-01,36,411.89,Negative
ID_122,Type C,2018-05-02,178,397.26,Positive
ID_123,Type D,2018-05-03,228,469.06,Positive
ID_124,Type C,2018-05-04,880,64.24,Negative
ID_125,Type C,2018-05-05,28,410.03,Neutral
ID_126,Type D,2018-05-06,541,309.32,Positive
ID_127,Type A,2018-05-07,476,126.17,Negative
ID_128,Type A,2018-05-08,798,398.39,Neutral
ID_129,Type D,2018-05-09,638,89.01,Neutral
ID_130,Type D,2018-05-10,797,260.44,Positive
ID_131,Type A,2018-05-11,659,212.9,Negative
ID_132,Type D,2018-05-12,390,194.63,Positive
ID_133,Type D,2018-05-13,170,264.83,Positive
ID_134,Type A,2018-05-14,131,395.24,Positive
ID_135,Type D,2018-05-15,996,334.71,Neutral
ID_136,Type D,2018-05-16,391,137.91,Negative
ID_137,Type C,2018-05-17,948,74.24,Negative
ID_138,Type A,2018-05-18,280,27.87,Neutral
ID_139,Type B,2018-05-19,595,245.7,Neutral
ID_140,Type C,2018-05-20,604,364.33,Neutral
ID_141,Type D,2018-05-21,23,357.07,Negative
ID_142,Type C,2018-05-22,908,31.21,Positive
ID_143,Type C,2018-05-23,27,81.47,Negative
ID_144,Type A,2018-05-24,791,415.4,Neutral
ID_145,Type D,2018-05-25,677,180.97,Neutral
ID_146,Type D,2018-05-26,56,413.16,Positive
ID_147,Type A,2018-05-27,672,168.69,Positive
ID_148,Type C,2018-05-28,576,475.91,Negative
ID_149,Type A,2018-05-29,887,476.49,Neutral
ID_150,Type B,2018-05-30,117,67.13,Positive
ID_151,Type A,2018-05-31,252,261.59,Neutral
ID_152,Type D,2018-06-01,379,358.72,Negative
ID_153,Type C,2018-06-02,762,263.64,Positive
ID_154,Type B,2018-06-03,33,222.46,Negative
ID_155,Type C,2018-06-04,231,186.59,Neutral
ID_156,Type C,2018-06-05,479,150.22,Positive
ID_157,Type B,2018-06-06,933,147.29,Neutral
ID_158,Type D,2018-06-07,470,486.44,Neutral
ID_159,Type D,2018-06-08,687,322.04,Neutral
ID_160,Type C,2018-06-09,920,180.75,Positive
ID_161,Type B,2018-06-10,189,237.08,Positive
ID_162,Type B,2018-06-11,50,205.64,Positive
ID_163,Type B,2018-06-12,322,240.89,Positive
ID_164,Type B,2018-06-13,829,363.14,Positive
ID_165,Type D,2018-06-14,928,283.59,Neutral
ID_166,Type D,2018-06-15,628,202.73,Positive
ID_167,Type C,2018-06-16,722,343.27,Neutral
ID_168,Type D,2018-06-17,741,324.54,Negative
ID_169,Type B,2018-06-18,218,179.96,Positive
ID_170,Type D,2018-06-19,560,145.83,Positive
ID_171,Type D,2018-06-20,11,65.16,Negative
ID_172,Type B,2018-06-21,529,360.17,Positive
ID_173,Type D,2018-06-22,773,345.65,Positive
ID_174,Type B,2018-06-23,255,23.67,Negative
ID_175,Type A,2018-06-24,931,224.59,Positive
ID_176,Type D,2018-06-25,834,170.63,Neutral
ID_177,Type B,2018-06-26,924,468.01,Negative
ID_178,Type C,2018-06-27,381,206.65,Positive
ID_179,Type A,2018-06-28,350,199.63,Negative
ID_180,Type B,2018-06-29,339,479.72,Positive
ID_181,Type D,2018-06-30,4,389.4,Positive
ID_182,Type C,2018-07-01,898,390.5,Positive
ID_183,Type D,2018-07-02,62,470.75,Neutral
ID_184,Type A,2018-07-03,212,21.41,Neutral
ID_185,Type A,2018-07-04,946,297.49,Positive
ID_186,Type D,2018-07-05,727,148.0,Negative
ID_187,Type A,2018-07-06,579,395.59,Positive
ID_188,Type A,2018-07-07,671,225.37,Neutral
ID_189,Type C,2018-07-08,127,172.09,Neutral
ID_190,Type C,2018-07-09,424,384.97,Negative
ID_191,Type A,2018-07-10,852,157.45,Positive
ID_192,Type B,2018-07-11,403,384.69,Negative
ID_193,Type C,2018-07-12,29,307.32,Positive
ID_194,Type C,2018-07-13,902,264.84,Neutral
ID_195,Type B,2018-07-14,903,415.58,Positive
ID_196,Type C,2018-07-15,934,85.12,Positive
ID_197,Type C,2018-07-16,494,174.79,Neutral
ID_198,Type D,2018-07-17,587,185.63,Positive
ID_199,Type D,2018-07-18,813,15.96,Neutral
ID_200,Type D,2018-07-19,977,155.39,Neutral
ID_201,Type A,2018-07-20,286,102.95,Neutral
ID_202,Type C,2018-07-21,240,75.54,Negative
ID_203,Type C,2018-07-22,870,169.38,Positive
ID_204,Type B,2018-07-23,279,439.46,Positive
ID_205,Type C,2018-07-24,454,155.37,Neutral
ID_206,Type C,2018-07-25,486,195.9,Negative
ID_207,Type D,2018-07-26,80,123.5,Neutral
ID_208,Type C,2018-07-27,492,347.72,Negative
ID_209,Type B,2018-07-28,601,15.19,Positive
ID_210,Type B,2018-07-29,902,325.25,Neutral
ID_211,Type D,2018-07-30,701,141.86,Negative
ID_212,Type A,2018-07-31,422,62.27,Negative
ID_213,Type A,2018-08-01,68,272.96,Neutral
ID_214,Type A,2018-08-02,673,191.48,Neutral
ID_215,Type C,2018-08-03,55,70.05,Negative
ID_216,Type D,2018-08-04,288,192.15,Positive
ID_217,Type D,2018-08-05,75,142.87,Neutral
ID_218,Type C,2018-08-06,235,262.33,Positive
ID_219,Type C,2018-08-07,512,124.32,Neutral
ID_220,Type D,2018-08-08,645,373.77,Neutral
ID_221,Type D,2018-08-09,398,389.07,Neutral
ID_222,Type D,2018-08-10,743,357.92,Positive
ID_223,Type D,2018-08-11,887,378.83,Positive
ID_224,Type D,2018-08-12,205,306.16,Neutral
ID_225,Type B,2018-08-13,807,366.53,Neutral
ID_226,Type A,2018-08-14,844,45.0,Neutral
ID_227,Type B,2018-08-15,200,400.22,Neutral
ID_228,Type A,2018-08-16,790,319.31,Positive
ID_229,Type A,2018-08-17,669,62.56,Negative
ID_230,Type A,2018-08-18,505,71.16,Negative
ID_231,Type B,2018-08-19,924,314.96,Neutral
ID_232,Type D,2018-08-20,860,109.36,Neutral
ID_233,Type D,2018-08-21,656,134.44,Negative
ID_234,Type D,2018-08-22,481,384.29,Positive
ID_235,Type D,2018-08-23,60,430.46,Neutral
ID_236,Type A,2018-08-24,43,424.65,Neutral
ID_237,Type D,2018-08-25,729,451.31,Negative
ID_238,Type D,2018-08-26,217,333.88,Negative
ID_239,Type B,2018-08-27,928,127.2,Negative
ID_240,Type D,2018-08-28,599,77.66,Positive
ID_241,Type D,2018-08-29,55,154.1,Positive
ID_242,Type D,2018-08-30,298,442.08,Positive
ID_243,Type A,2018-08-31,993,306.38,Negative
ID_244,Type A,2018-09-01,717,155.58,Neutral
ID_245,Type D,2018-09-02,530,249.32,Positive
ID_246,Type D,2018-09-03,946,469.32,Positive
ID_247,Type C,2018-09-04,286,339.73,Negative
ID_248,Type C,2018-09-05,329,82.23,Negative
ID_249,Type C,2018-09-06,665,398.84,Neutral
ID_250,Type A,2018-09-07,249,329.91,Negative
ID_251,Type C,2018-09-08,472,51.72,Neutral
ID_252,Type A,2018-09-09,126,400.48,Positive
ID_253,Type B,2018-09-10,438,490.47,Neutral
ID_254,Type B,2018-09-11,794,171.43,Positive
ID_255,Type A,2018-09-12,534,223.51,Neutral
ID_256,Type B,2018-09-13,760,189.83,Neutral
ID_257,Type A,2018-09-14,768,224.55,Neutral
ID_258,Type B,2018-09-15,456,451.42,Neutral
ID_259,Type C,2018-09-16,488,100.11,Neutral
ID_260,Type C,2018-09-17,474,68.84,Positive
ID_261,Type B,2018-09-18,723,279.62,Neutral
ID_262,Type D,2018-09-19,678,323.01,Negative
ID_263,Type B,2018-09-20,775,205.02,Negative
ID_264,Type C,2018-09-21,421,31.18,Negative
ID_265,Type D,2018-09-22,932,385.01,Neutral
ID_266,Type B,2018-09-23,95,357.25,Positive
ID_267,Type D,2018-09-24,217,323.16,Negative
ID_268,Type A,2018-09-25,404,237.58,Positive
ID_269,Type D,2018-09-26,611,413.05,Positive
ID_270,Type C,2018-09-27,926,341.03,Neutral
ID_271,Type C,2018-09-28,869,60.89,Negative
ID_272,Type D,2018-09-29,718,282.11,Negative
ID_273,Type D,2018-09-30,180,281.17,Neutral
ID_274,Type A,2018-10-01,702,450.25,Neutral
ID_275,Type C,2018-10-02,276,382.01,Positive
ID_276,Type A,2018-10-03,814,238.99,Negative
ID_277,Type C,2018-10-04,225,101.37,Neutral
ID_278,Type B,2018-10-05,335,499.07,Neutral
ID_279,Type D,2018-10-06,872,344.31,Negative
ID_280,Type C,2018-10-07,588,243.42,Neutral
ID_281,Type D,2018-10-08,963,476.46,Neutral
ID_282,Type B,2018-10-09,702,166.13,Positive
ID_283,Type B,2018-10-10,177,91.38,Positive
ID_284,Type C,2018-10-11,960,308.21,Positive
ID_285,Type C,2018-10-12,59,347.37,Neutral
ID_286,Type A,2018-10-13,827,113.97,Positive
ID_287,Type C,2018-10-14,43,65.63,Positive
ID_288,Type B,2018-10-15,199,76.37,Positive
ID_289,Type C,2018-10-16,88,392.17,Neutral
ID_290,Type C,2018-10-17,806,342.09,Neutral
ID_291,Type C,2018-10-18,124,40.74,Negative
ID_292,Type B,2018-10-19,669,374.16,Neutral
ID_293,Type C,2018-10-20,582,449.69,Negative
ID_294,Type D,2018-10-21,459,443.95,Positive
ID_295,Type A,2018-10-22,998,77.82,Negative
ID_296,Type D,2018-10-23,289,462.96,Negative
ID_297,Type D,2018-10-24,566,425.62,Positive
ID_298,Type C,2018-10-25,796,360.54,Positive
ID_299,Type D,2018-10-26,198,294.76,Negative
ID_300,Type C,2018-10-27,359,457.17,Negative
ID_301,Type B,2018-10-28,157,346.32,Neutral
ID_302,Type B,2018-10-29,828,145.29,Positive
ID_303,Type A,2018-10-30,765,220.41,Negative
ID_304,Type A,2018-10-31,78,64.01,Neutral
ID_305,Type D,2018-11-01,604,27.7,Positive
ID_306,Type A,2018-11-02,3,39.17,Positive
ID_307,Type A,2018-11-03,10,456.7,Negative
ID_308,Type B,2018-11-04,294,153.5,Neutral
ID_309,Type D,2018-11-05,911,233.85,Negative
ID_310,Type D,2018-11-06,636,381.19,Neutral
ID_311,Type A,2018-11-07,894,306.07,Neutral
ID_312,Type A,2018-11-08,459,475.36,Negative
ID_313,Type C,2018-11-09,295,211.48,Negative
ID_314,Type A,2018-11-10,767,397.88,Negative
ID_315,Type C,2018-11-11,555,96.21,Negative
ID_316,Type B,2018-11-12,90,365.94,Positive
ID_317,Type C,2018-11-13,625,356.85,Negative
ID_318,Type C,2018-11-14,331,150.06,Neutral
ID_319,Type A,2018-11-15,901,373.58,Neutral
ID_320,Type D,2018-11-16,689,216.23,Positive
ID_321,Type C,2018-11-17,994,119.83,Negative
ID_322,Type D,2018-11-18,62,391.48,Neutral
ID_323,Type C,2018-11-19,849,490.23,Neutral
ID_324,Type C,2018-11-20,173,98.42,Negative
ID_325,Type C,2018-11-21,285,421.43,Positive
ID_326,Type D,2018-11-22,432,126.44,Positive
ID_327,Type A,2018-11-23,839,93.19,Neutral
ID_328,Type B,2018-11-24,41,311.38,Positive
ID_329,Type B,2018-11-25,612,287.13,Negative
ID_330,Type C,2018-11-26,432,430.61,Positive
ID_331,Type B,2018-11-27,878,218.9,Neutral
ID_332,Type D,2018-11-28,609,98.88,Negative
ID_333,Type C,2018-11-29,126,354.35,Neutral
ID_334,Type D,2018-11-30,260,322.09,Neutral
ID_335,Type C,2018-12-01,202,160.42,Negative
ID_336,Type B,2018-12-02,581,389.54,Neutral
ID_337,Type B,2018-12-03,359,52.33,Neutral
ID_338,Type C,2018-12-04,557,192.15,Negative
ID_339,Type B,2018-12-05,459,215.96,Positive
ID_340,Type C,2018-12-06,961,94.52,Positive
ID_341,Type B,2018-12-07,813,228.25,Neutral
ID_342,Type C,2018-12-08,844,351.98,Positive
ID_343,Type B,2018-12-09,14,465.37,Positive
ID_344,Type C,2018-12-10,211,122.16,Neutral
ID_345,Type B,2018-12-11,313,366.48,Negative
ID_346,Type B,2018-12-12,961,436.31,Negative
ID_347,Type B,2018-12-13,587,250.47,Negative
ID_348,Type D,2018-12-14,637,214.66,Neutral
ID_349,Type D,2018-12-15,410,408.71,Negative
ID_350,Type D,2018-12-16,658,148.99,Positive
ID_351,Type B,2018-12-17,193,427.28,Positive
ID_352,Type A,2018-12-18,690,53.68,Negative
ID_353,Type A,2018-12-19,783,241.95,Neutral
ID_354,Type D,2018-12-20,798,255.67,Neutral
ID_355,Type C,2018-12-21,137,224.64,Neutral
ID_356,Type D,2018-12-22,370,413.74,Positive
ID_357,Type D,2018-12-23,618,414.62,Negative
ID_358,Type C,2018-12-24,594,426.1,Negative
ID_359,Type D,2018-12-25,679,78.84,Neutral
ID_360,Type D,2018-12-26,356,130.36,Positive
ID_361,Type D,2018-12-27,542,212.51,Positive
ID_362,Type D,2018-12-28,749,53.59,Negative
ID_363,Type C,2018-12-29,10,487.07,Negative
ID_364,Type D,2018-12-30,310,495.09,Negative
ID_365,Type B,2018-12-31,662,80.28,Positive
ID_366,Type D,2019-01-01,501,273.49,Negative
ID_367,Type D,2019-01-02,935,191.22,Negative
ID_368,Type D,2019-01-03,625,370.93,Positive
ID_369,Type B,2019-01-04,456,481.95,Neutral
ID_370,Type C,2019-01-05,638,111.26,Neutral
ID_371,Type A,2019-01-06,626,444.3,Neutral
ID_372,Type C,2019-01-07,412,223.1,Negative
ID_373,Type C,2019-01-08,516,257.86,Neutral
ID_374,Type C,2019-01-09,146,463.98,Positive
ID_375,Type B,2019-01-10,299,19.56,Positive
ID_376,Type A,2019-01-11,440,55.09,Negative
ID_377,Type D,2019-01-12,114,433.12,Neutral
ID_378,Type B,2019-01-13,248,463.55,Positive
ID_379,Type C,2019-01-14,65,251.59,Neutral
ID_380,Type A,2019-01-15,207,231.87,Neutral
ID_381,Type D,2019-01-16,415,232.14,Neutral
ID_382,Type A,2019-01-17,188,481.48,Neutral
ID_383,Type C,2019-01-18,182,477.04,Negative
ID_384,Type B,2019-01-19,257,441.44,Positive
ID_385,Type B,2019-01-20,464,232.41,Negative
ID_386,Type A,2019-01-21,521,451.46,Neutral
ID_387,Type D,2019-01-22,52,121.53,Neutral
ID_388,Type B,2019-01-23,187,214.88,Negative
ID_389,Type C,2019-01-24,871,342.99,Neutral
ID_390,Type C,2019-01-25,81,101.49,Positive
ID_391,Type A,2019-01-26,720,85.8,Positive
ID_392,Type D,2019-01-27,805,190.13,Neutral
ID_393,Type C,2019-01-28,194,413.55,Neutral
ID_394,Type A,2019-01-29,60,92.46,Neutral
ID_395,Type B,2019-01-30,825,159.18,Negative
ID_396,Type B,2019-01-31,373,62.94,Negative
ID_397,Type C,2019-02-01,484,193.96,Negative
ID_398,Type D,2019-02-02,703,34.35,Positive
ID_399,Type D,2019-02-03,366,362.03,Neutral
ID_400,Type D,2019-02-04,451,145.13,Neutral
ID_401,Type B,2019-02-05,382,481.6,Negative
ID_402,Type C,2019-02-06,825,488.99,Neutral
ID_403,Type C,2019-02-07,729,10.51,Positive
ID_404,Type A,2019-02-08,522,122.13,Positive
ID_405,Type C,2019-02-09,674,392.07,Negative
ID_406,Type A,2019-02-10,960,471.11,Positive
ID_407,Type A,2019-02-11,952,129.2,Neutral
ID_408,Type C,2019-02-12,136,190.45,Negative
ID_409,Type B,2019-02-13,127,280.99,Neutral
ID_410,Type C,2019-02-14,486,423.76,Neutral
ID_411,Type D,2019-02-15,735,478.62,Positive
ID_412,Type B,2019-02-16,81,351.32,Negative
ID_413,Type C,2019-02-17,491,107.59,Neutral
ID_414,Type C,2019-02-18,346,178.17,Positive
ID_415,Type A,2019-02-19,341,18.27,Positive
ID_416,Type C,2019-02-20,42,250.88,Neutral
ID_417,Type B,2019-02-21,510,416.75,Negative
ID_418,Type B,2019-02-22,760,30.34,Positive
ID_419,Type C,2019-02-23,117,153.79,Negative
ID_420,Type D,2019-02-24,715,286.34,Neutral
ID_421,Type D,2019-02-25,116,343.18,Neutral
ID_422,Type A,2019-02-26,167,155.05,Negative
ID_423,Type C,2019-02-27,574,455.33,Neutral
ID_424,Type D,2019-02-28,583,90.11,Negative
ID_425,Type D,2019-03-01,849,11.58,Negative
ID_426,Type D,2019-03-02,571,286.18,Positive
ID_427,Type D,2019-03-03,735,49.21,Positive
ID_428,Type D,2019-03-04,638,495.1,Positive
ID_429,Type B,2019-03-05,9,246.78,Neutral
ID_430,Type B,2019-03-06,929,84.73,Negative
ID_431,Type B,2019-03-07,59,169.88,Neutral
ID_432,Type D,2019-03-08,833,308.1,Neutral
ID_433,Type B,2019-03-09,647,196.12,Negative
ID_434,Type C,2019-03-10,830,230.6,Positive
ID_435,Type C,2019-03-11,956,137.85,Negative
ID_436,Type C,2019-03-12,592,420.83,Neutral
ID_437,Type B,2019-03-13,884,19.54,Negative
ID_438,Type B,2019-03-14,588,439.93,Neutral
ID_439,Type D,2019-03-15,91,261.9,Negative
ID_440,Type B,2019-03-16,40,373.03,Negative
ID_441,Type B,2019-03-17,28,211.37,Neutral
ID_442,Type C,2019-03-18,383,180.38,Negative
ID_443,Type C,2019-03-19,904,478.9,Neutral
ID_444,Type C,2019-03-20,607,192.67,Positive
ID_445,Type A,2019-03-21,389,276.07,Negative
ID_446,Type B,2019-03-22,425,251.49,Positive
ID_447,Type C,2019-03-23,280,391.75,Neutral
ID_448,Type A,2019-03-24,574,359.38,Negative
ID_449,Type D,2019-03-25,581,256.52,Positive
ID_450,Type B,2019-03-26,888,344.82,Positive
ID_451,Type D,2019-03-27,706,445.78,Neutral
ID_452,Type C,2019-03-28,113,15.84,Negative
ID_453,Type C,2019-03-29,633,23.41,Neutral
ID_454,Type B,2019-03-30,896,364.91,Neutral
ID_455,Type C,2019-03-31,105,409.96,Neutral
ID_456,Type B,2019-04-01,269,237.03,Positive
ID_457,Type D,2019-04-02,652,363.02,Positive
ID_458,Type D,2019-04-03,710,436.1,Neutral
ID_459,Type B,2019-04-04,566,22.69,Neutral
ID_460,Type A,2019-04-05,67,266.98,Negative
ID_461,Type C,2019-04-06,194,448.65,Positive
ID_462,Type B,2019-04-07,56,384.53,Negative
ID_463,Type D,2019-04-08,33,88.74,Negative
ID_464,Type C,2019-04-09,655,161.46,Positive
ID_465,Type D,2019-04-10,368,206.34,Neutral
ID_466,Type A,2019-04-11,730,48.29,Positive
ID_467,Type C,2019-04-12,908,275.7,Negative
ID_468,Type A,2019-04-13,828,42.87,Negative
ID_469,Type D,2019-04-14,77,128.55,Positive
ID_470,Type C,2019-04-15,684,412.2,Positive
ID_471,Type C,2019-04-16,416,231.98,Positive
ID_472,Type B,2019-04-17,392,472.81,Negative
ID_473,Type A,2019-04-18,70,117.46,Negative
ID_474,Type D,2019-04-19,944,310.74,Negative
ID_475,Type C,2019-04-20,581,106.59,Negative
ID_476,Type C,2019-04-21,297,224.16,Neutral
ID_477,Type B,2019-04-22,712,19.92,Negative
ID_478,Type B,2019-04-23,393,305.84,Neutral
ID_479,Type C,2019-04-24,257,73.68,Neutral
ID_480,Type A,2019-04-25,543,78.72,Negative
ID_481,Type C,2019-04-26,347,90.4,Neutral
ID_482,Type A,2019-04-27,677,224.46,Negative
ID_483,Type D,2019-04-28,701,276.96,Positive
ID_484,Type D,2019-04-29,670,191.04,Positive
ID_485,Type A,2019-04-30,182,485.73,Positive
ID_486,Type B,2019-05-01,569,274.42,Negative
ID_487,Type B,2019-05-02,894,171.97,Neutral
ID_488,Type C,2019-05-03,789,398.71,Neutral
ID_489,Type A,2019-05-04,634,57.38,Positive
ID_490,Type C,2019-05-05,378,290.98,Neutral
ID_491,Type D,2019-05-06,55,224.48,Neutral
ID_492,Type D,2019-05-07,697,131.86,Positive
ID_493,Type B,2019-05-08,660,19.33,Negative
ID_494,Type C,2019-05-09,574,356.61,Neutral
ID_495,Type D,2019-05-10,409,157.75,Neutral
ID_496,Type D,2019-05-11,408,244.95,Positive
ID_497,Type B,2019-05-12,779,107.12,Negative
ID_498,Type C,2019-05-13,665,138.71,Neutral
ID_499,Type C,2019-05-14,289,281.2,Neutral
ID_500,Type B,2019-05-15,126,442.21,Positive
ID_501,Type D,2019-05-16,515,168.54,Negative
ID_502,Type B,2019-05-17,343,401.91,Negative
ID_503,Type B,2019-05-18,106,32.26,Positive
ID_504,Type A,2019-05-19,475,175.64,Positive
ID_505,Type C,2019-05-20,142,353.63,Positive
ID_506,Type C,2019-05-21,505,55.83,Positive
ID_507,Type D,2019-05-22,581,406.62,Negative
ID_508,Type D,2019-05-23,75,253.55,Positive
ID_509,Type C,2019-05-24,560,335.3,Positive
ID_510,Type A,2019-05-25,362,448.85,Negative
ID_511,Type B,2019-05-26,559,10.19,Negative
ID_512,Type C,2019-05-27,163,234.18,Neutral
ID_513,Type B,2019-05-28,533,133.71,Neutral
ID_514,Type D,2019-05-29,905,178.66,Neutral
ID_515,Type D,2019-05-30,358,473.55,Positive
ID_516,Type B,2019-05-31,580,472.05,Neutral
ID_517,Type B,2019-06-01,877,467.65,Neutral
ID_518,Type D,2019-06-02,605,288.64,Positive
ID_519,Type C,2019-06-03,362,164.79,Negative
ID_520,Type A,2019-06-04,398,437.8,Positive
ID_521,Type A,2019-06-05,553,207.29,Negative
ID_522,Type B,2019-06-06,60,364.19,Positive
ID_523,Type A,2019-06-07,45,459.55,Neutral
ID_524,Type C,2019-06-08,817,143.73,Positive
ID_525,Type D,2019-06-09,373,297.03,Positive
ID_526,Type A,2019-06-10,242,408.03,Neutral
ID_527,Type B,2019-06-11,617,451.95,Negative
ID_528,Type A,2019-06-12,785,165.47,Positive
ID_529,Type A,2019-06-13,629,228.38,Positive
ID_530,Type B,2019-06-14,220,32.15,Negative
ID_531,Type B,2019-06-15,655,433.55,Positive
ID_532,Type D,2019-06-16,995,131.68,Negative
ID_533,Type C,2019-06-17,59,499.94,Positive
ID_534,Type C,2019-06-18,216,313.96,Positive
ID_535,Type C,2019-06-19,388,180.33,Positive
ID_536,Type A,2019-06-20,348,404.49,Negative
ID_537,Type D,2019-06-21,31,498.42,Neutral
ID_538,Type C,2019-06-22,363,323.54,Negative
ID_539,Type A,2019-06-23,344,336.74,Neutral
ID_540,Type D,2019-06-24,16,214.3,Positive
ID_541,Type B,2019-06-25,477,427.31,Negative
ID_542,Type A,2019-06-26,125,134.62,Neutral
ID_543,Type D,2019-06-27,396,327.25,Positive
ID_544,Type C,2019-06-28,245,171.0,Negative
ID_545,Type B,2019-06-29,111,166.29,Neutral
ID_546,Type C,2019-06-30,570,138.17,Positive
ID_547,Type B,2019-07-01,806,205.57,Neutral
ID_548,Type B,2019-07-02,479,348.57,Negative
ID_549,Type D,2019-07-03,621,386.56,Neutral
ID_550,Type B,2019-07-04,273,29.96,Neutral
ID_551,Type D,2019-07-05,739,482.69,Negative
ID_552,Type B,2019-07-06,855,497.95,Negative
ID_553,Type C,2019-07-07,394,197.02,Neutral
ID_554,Type A,2019-07-08,201,56.78,Negative
ID_555,Type C,2019-07-09,339,414.98,Neutral
ID_556,Type B,2019-07-10,499,56.4,Positive
ID_557,Type D,2019-07-11,555,191.24,Neutral
ID_558,Type A,2019-07-12,117,369.15,Positive
ID_559,Type A,2019-07-13,546,83.89,Negative
ID_560,Type C,2019-07-14,397,276.8,Negative
ID_561,Type D,2019-07-15,97,76.67,Negative
ID_562,Type D,2019-07-16,427,35.25,Positive
ID_563,Type D,2019-07-17,36,444.32,Positive
ID_564,Type B,2019-07-18,283,476.7,Neutral
ID_565,Type A,2019-07-19,591,237.13,Neutral
ID_566,Type A,2019-07-20,933,35.12,Positive
ID_567,Type C,2019-07-21,297,134.18,Positive
ID_568,Type A,2019-07-22,41,220.5,Neutral
ID_569,Type A,2019-07-23,610,90.6,Negative
ID_570,Type B,2019-07-24,36,61.45,Negative
ID_571,Type B,2019-07-25,934,246.0,Negative
ID_572,Type D,2019-07-26,362,130.89,Negative
ID_573,Type A,2019-07-27,814,23.81,Positive
ID_574,Type B,2019-07-28,433,426.48,Positive
ID_575,Type B,2019-07-29,371,85.2,Neutral
ID_576,Type C,2019-07-30,44,247.44,Positive
ID_577,Type C,2019-07-31,771,482.92,Neutral
ID_578,Type C,2019-08-01,9,28.82,Neutral
ID_579,Type A,2019-08-02,729,345.49,Positive
ID_580,Type A,2019-08-03,69,41.95,Negative
ID_581,Type B,2019-08-04,201,199.04,Positive
ID_582,Type C,2019-08-05,10,394.45,Neutral
ID_583,Type B,2019-08-06,923,209.79,Positive
ID_584,Type D,2019-08-07,368,11.69,Negative
ID_585,Type D,2019-08-08,314,132.81,Neutral
ID_586,Type B,2019-08-09,331,465.43,Negative
ID_587,Type B,2019-08-10,417,313.67,Neutral
ID_588,Type B,2019-08-11,281,475.58,Neutral
ID_589,Type A,2019-08-12,106,369.09,Positive
ID_590,Type D,2019-08-13,258,459.06,Neutral
ID_591,Type B,2019-08-14,269,486.01,Neutral
ID_592,Type B,2019-08-15,468,238.07,Positive
ID_593,Type C,2019-08-16,972,481.96,Neutral
ID_594,Type D,2019-08-17,462,336.17,Negative
ID_595,Type A,2019-08-18,106,403.4,Positive
ID_596,Type D,2019-08-19,854,88.22,Neutral
ID_597,Type C,2019-08-20,750,497.08,Negative
ID_598,Type D,2019-08-21,442,68.68,Neutral
ID_599,Type A,2019-08-22,822,368.08,Neutral
ID_600,Type D,2019-08-23,9,236.67,Positive
ID_601,Type C,2019-08-24,38,214.7,Positive
ID_602,Type D,2019-08-25,302,277.5,Neutral
ID_603,Type B,2019-08-26,23,347.28,Neutral
ID_604,Type A,2019-08-27,880,418.2,Positive
ID_605,Type C,2019-08-28,890,251.23,Positive
ID_606,Type D,2019-08-29,451,266.97,Positive
ID_607,Type C,2019-08-30,672,36.03,Negative
ID_608,Type A,2019-08-31,249,371.57,Negative
ID_609,Type D,2019-09-01,27,213.68,Positive
ID_610,Type B,2019-09-02,331,311.96,Negative
ID_611,Type C,2019-09-03,578,167.57,Negative
ID_612,Type A,2019-09-04,506,331.05,Negative
ID_613,Type A,2019-09-05,278,292.86,Positive
ID_614,Type C,2019-09-06,410,129.59,Neutral
ID_615,Type B,2019-09-07,14,130.77,Positive
ID_616,Type A,2019-09-08,107,171.37,Negative
ID_617,Type C,2019-09-09,375,228.89,Negative
ID_618,Type C,2019-09-10,941,308.06,Negative
ID_619,Type A,2019-09-11,484,106.52,Neutral
ID_620,Type C,2019-09-12,821,366.82,Positive
ID_621,Type B,2019-09-13,533,313.02,Positive
ID_622,Type C,2019-09-14,962,271.59,Negative
ID_623,Type A,2019-09-15,144,55.59,Positive
ID_624,Type D,2019-09-16,541,21.28,Negative
ID_625,Type D,2019-09-17,11,164.72,Neutral
ID_626,Type A,2019-09-18,606,406.55,Negative
ID_627,Type C,2019-09-19,398,37.56,Positive
ID_628,Type B,2019-09-20,617,229.63,Negative
ID_629,Type C,2019-09-21,9,379.51,Negative
ID_630,Type B,2019-09-22,926,165.26,Neutral
ID_631,Type A,2019-09-23,195,246.26,Positive
ID_632,Type B,2019-09-24,304,215.5,Positive
ID_633,Type B,2019-09-25,522,264.76,Negative
ID_634,Type A,2019-09-26,58,471.91,Neutral
ID_635,Type D,2019-09-27,130,415.0,Negative
ID_636,Type D,2019-09-28,607,294.22,Positive
ID_637,Type D,2019-09-29,89,150.08,Positive
ID_638,Type C,2019-09-30,876,427.18,Positive
ID_639,Type D,2019-10-01,401,253.91,Negative
ID_640,Type D,2019-10-02,823,495.06,Neutral
ID_641,Type D,2019-10-03,28,461.11,Neutral
ID_642,Type C,2019-10-04,821,277.94,Negative
ID_643,Type B,2019-10-05,904,206.19,Neutral
ID_644,Type D,2019-10-06,502,402.32,Negative
ID_645,Type B,2019-10-07,377,217.47,Negative
ID_646,Type D,2019-10-08,417,54.57,Positive
ID_647,Type B,2019-10-09,292,474.11,Positive
ID_648,Type D,2019-10-10,975,133.04,Negative
ID_649,Type B,2019-10-11,920,230.12,Neutral
ID_650,Type D,2019-10-12,396,424.2,Negative
ID_651,Type C,2019-10-13,457,468.9,Positive
ID_652,Type B,2019-10-14,236,337.13,Neutral
ID_653,Type C,2019-10-15,841,74.66,Neutral
ID_654,Type A,2019-10-16,212,251.78,Positive
ID_655,Type B,2019-10-17,239,470.5,Negative
ID_656,Type C,2019-10-18,41,166.28,Neutral
ID_657,Type B,2019-10-19,521,38.88,Positive
ID_658,Type B,2019-10-20,783,110.25,Neutral
ID_659,Type D,2019-10-21,573,480.63,Positive
ID_660,Type C,2019-10-22,754,272.16,Positive
ID_661,Type A,2019-10-23,107,205.68,Neutral
ID_662,Type D,2019-10-24,86,128.51,Positive
ID_663,Type B,2019-10-25,325,241.62,Neutral
ID_664,Type B,2019-10-26,436,483.93,Negative
ID_665,Type B,2019-10-27,785,155.42,Neutral
ID_666,Type D,2019-10-28,112,376.2,Neutral
ID_667,Type A,2019-10-29,863,65.57,Positive
ID_668,Type C,2019-10-30,177,413.74,Neutral
ID_669,Type B,2019-10-31,21,340.44,Negative
ID_670,Type A,2019-11-01,496,476.3,Neutral
ID_671,Type A,2019-11-02,898,178.96,Negative
ID_672,Type B,2019-11-03,312,41.79,Negative
ID_673,Type D,2019-11-04,873,417.52,Neutral
ID_674,Type C,2019-11-05,819,304.7,Neutral
ID_675,Type D,2019-11-06,35,373.83,Neutral
ID_676,Type C,2019-11-07,66,261.2,Neutral
ID_677,Type A,2019-11-08,343,173.23,Positive
ID_678,Type C,2019-11-09,627,446.29,Negative
ID_679,Type B,2019-11-10,962,101.56,Neutral
ID_680,Type D,2019-11-11,184,319.59,Positive
ID_681,Type B,2019-11-12,297,164.27,Neutral
ID_682,Type C,2019-11-13,850,156.89,Negative
ID_683,Type C,2019-11-14,941,209.93,Positive
ID_684,Type A,2019-11-15,488,64.19,Positive
ID_685,Type A,2019-11-16,745,462.64,Negative
ID_686,Type B,2019-11-17,845,115.24,Negative
ID_687,Type B,2019-11-18,610,131.74,Negative
ID_688,Type B,2019-11-19,637,494.55,Negative
ID_689,Type D,2019-11-20,391,321.04,Positive
ID_690,Type C,2019-11-21,157,247.18,Neutral
ID_691,Type C,2019-11-22,729,301.7,Positive
ID_692,Type C,2019-11-23,395,166.35,Negative
ID_693,Type C,2019-11-24,828,143.54,Negative
ID_694,Type B,2019-11-25,684,281.45,Neutral
ID_695,Type B,2019-11-26,21,136.32,Positive
ID_696,Type C,2019-11-27,710,470.23,Negative
ID_697,Type B,2019-11-28,241,103.05,Positive
ID_698,Type D,2019-11-29,263,61.41,Positive
ID_699,Type A,2019-11-30,397,386.49,Negative
ID_700,Type B,2019-12-01,876,109.66,Neutral
ID_701,Type B,2019-12-02,78,150.35,Negative
ID_702,Type A,2019-12-03,239,348.72,Negative
ID_703,Type A,2019-12-04,450,474.56,Neutral
ID_704,Type A,2019-12-05,532,400.34,Positive
ID_705,Type C,2019-12-06,927,366.38,Neutral
ID_706,Type C,2019-12-07,443,43.83,Positive
ID_707,Type B,2019-12-08,605,384.8,Neutral
ID_708,Type A,2019-12-09,385,259.94,Neutral
ID_709,Type D,2019-12-10,954,120.86,Neutral
ID_710,Type D,2019-12-11,578,16.25,Positive
ID_711,Type C,2019-12-12,420,305.31,Positive
ID_712,Type B,2019-12-13,463,383.98,Neutral
ID_713,Type C,2019-12-14,583,75.37,Negative
ID_714,Type C,2019-12-15,553,364.65,Positive
ID_715,Type C,2019-12-16,651,51.56,Negative
ID_716,Type A,2019-12-17,227,373.39,Neutral
ID_717,Type D,2019-12-18,760,104.75,Neutral
ID_718,Type C,2019-12-19,112,96.4,Neutral
ID_719,Type B,2019-12-20,797,129.13,Neutral
ID_720,Type A,2019-12-21,395,367.9,Negative
ID_721,Type D,2019-12-22,296,333.02,Positive
ID_722,Type B,2019-12-23,619,89.52,Negative
ID_723,Type A,2019-12-24,700,270.65,Negative
ID_724,Type D,2019-12-25,830,451.64,Negative
ID_725,Type D,2019-12-26,287,496.43,Positive
ID_726,Type A,2019-12-27,626,145.53,Neutral
ID_727,Type C,2019-12-28,515,187.72,Negative
ID_728,Type D,2019-12-29,604,30.78,Negative
ID_729,Type D,2019-12-30,686,310.81,Positive
ID_730,Type D,2019-12-31,46,358.13,Negative
ID_731,Type A,2020-01-01,559,470.39,Negative
ID_732,Type B,2020-01-02,205,16.8,Negative
ID_733,Type B,2020-01-03,464,222.94,Neutral
ID_734,Type A,2020-01-04,886,347.85,Neutral
ID_735,Type A,2020-01-05,112,445.63,Neutral
ID_736,Type C,2020-01-06,116,75.36,Neutral
ID_737,Type A,2020-01-07,766,192.79,Positive
ID_738,Type B,2020-01-08,249,371.2,Positive
ID_739,Type B,2020-01-09,651,444.94,Negative
ID_740,Type D,2020-01-10,642,161.67,Positive
ID_741,Type B,2020-01-11,497,407.38,Neutral
ID_742,Type D,2020-01-12,451,28.98,Negative
ID_743,Type C,2020-01-13,861,341.44,Positive
ID_744,Type B,2020-01-14,626,281.75,Positive
ID_745,Type D,2020-01-15,208,215.1,Neutral
ID_746,Type D,2020-01-16,82,499.98,Neutral
ID_747,Type B,2020-01-17,968,469.56,Positive
ID_748,Type C,2020-01-18,364,495.52,Negative
ID_749,Type C,2020-01-19,85,29.14,Neutral
ID_750,Type A,2020-01-20,786,475.96,Negative
ID_751,Type C,2020-01-21,710,153.37,Negative
ID_752,Type C,2020-01-22,590,364.04,Negative
ID_753,Type B,2020-01-23,759,130.78,Positive
ID_754,Type B,2020-01-24,20,461.33,Neutral
ID_755,Type C,2020-01-25,183,71.83,Negative
ID_756,Type B,2020-01-26,164,447.02,Neutral
ID_757,Type B,2020-01-27,307,226.56,Neutral
ID_758,Type C,2020-01-28,309,118.83,Neutral
ID_759,Type B,2020-01-29,503,376.04,Negative
ID_760,Type C,2020-01-30,928,296.3,Negative
ID_761,Type C,2020-01-31,719,186.4,Negative
ID_762,Type D,2020-02-01,706,240.18,Negative
ID_763,Type D,2020-02-02,803,273.46,Negative
ID_764,Type C,2020-02-03,226,108.17,Negative
ID_765,Type C,2020-02-04,16,71.5,Positive
ID_766,Type C,2020-02-05,617,180.35,Neutral
ID_767,Type B,2020-02-06,863,131.98,Positive
ID_768,Type D,2020-02-07,823,408.82,Neutral
ID_769,Type C,2020-02-08,955,251.27,Neutral
ID_770,Type D,2020-02-09,442,221.75,Negative
ID_771,Type D,2020-02-10,174,68.29,Negative
ID_772,Type A,2020-02-11,505,238.14,Positive
ID_773,Type B,2020-02-12,991,223.69,Neutral
ID_774,Type B,2020-02-13,163,33.36,Positive
ID_775,Type A,2020-02-14,982,325.24,Neutral
ID_776,Type A,2020-02-15,328,191.43,Positive
ID_777,Type C,2020-02-16,479,462.59,Positive
ID_778,Type B,2020-02-17,852,386.75,Positive
ID_779,Type B,2020-02-18,631,173.55,Neutral
ID_780,Type C,2020-02-19,364,319.83,Neutral
ID_781,Type C,2020-02-20,770,357.86,Neutral
ID_782,Type A,2020-02-21,944,460.66,Neutral
ID_783,Type D,2020-02-22,918,212.64,Neutral
ID_784,Type B,2020-02-23,52,482.08,Positive
ID_785,Type A,2020-02-24,169,336.32,Positive
ID_786,Type D,2020-02-25,99,333.84,Neutral
ID_787,Type B,2020-02-26,757,264.35,Negative
ID_788,Type B,2020-02-27,238,159.58,Negative
ID_789,Type A,2020-02-28,872,36.88,Negative
ID_790,Type C,2020-02-29,903,247.84,Positive
ID_791,Type B,2020-03-01,67,481.64,Positive
ID_792,Type B,2020-03-02,970,142.83,Negative
ID_793,Type D,2020-03-03,943,153.99,Negative
ID_794,Type B,2020-03-04,851,360.08,Neutral
ID_795,Type C,2020-03-05,460,463.69,Positive
ID_796,Type A,2020-03-06,568,25.28,Neutral
ID_797,Type B,2020-03-07,297,484.99,Neutral
ID_798,Type C,2020-03-08,319,90.55,Negative
ID_799,Type A,2020-03-09,447,118.41,Neutral
ID_800,Type D,2020-03-10,979,473.06,Neutral
ID_801,Type D,2020-03-11,884,287.48,Positive
ID_802,Type C,2020-03-12,514,419.06,Positive
ID_803,Type A,2020-03-13,697,53.81,Neutral
ID_804,Type A,2020-03-14,644,196.12,Neutral
ID_805,Type A,2020-03-15,734,36.08,Positive
ID_806,Type B,2020-03-16,826,282.22,Neutral
ID_807,Type A,2020-03-17,189,244.82,Negative
ID_808,Type B,2020-03-18,854,26.88,Positive
ID_809,Type C,2020-03-19,591,381.65,Negative
ID_810,Type C,2020-03-20,322,461.81,Negative
ID_811,Type C,2020-03-21,224,162.65,Positive
ID_812,Type D,2020-03-22,728,380.24,Neutral
ID_813,Type D,2020-03-23,836,22.2,Negative
ID_814,Type A,2020-03-24,17,352.59,Negative
ID_815,Type A,2020-03-25,599,218.74,Positive
ID_816,Type D,2020-03-26,732,473.53,Neutral
ID_817,Type C,2020-03-27,666,148.94,Negative
ID_818,Type C,2020-03-28,102,94.64,Neutral
ID_819,Type C,2020-03-29,723,303.44,Negative
ID_820,Type A,2020-03-30,787,151.22,Negative
ID_821,Type C,2020-03-31,613,283.25,Positive
ID_822,Type D,2020-04-01,216,401.48,Neutral
ID_823,Type D,2020-04-02,987,143.8,Positive
ID_824,Type D,2020-04-03,807,127.8,Neutral
ID_825,Type C,2020-04-04,655,378.54,Positive
ID_826,Type B,2020-04-05,414,483.02,Positive
ID_827,Type B,2020-04-06,666,222.57,Negative
ID_828,Type C,2020-04-07,243,266.04,Neutral
ID_829,Type D,2020-04-08,319,202.15,Negative
ID_830,Type D,2020-04-09,959,373.63,Positive
ID_831,Type A,2020-04-10,877,233.43,Positive
ID_832,Type D,2020-04-11,617,341.94,Positive
ID_833,Type B,2020-04-12,540,168.32,Neutral
ID_834,Type B,2020-04-13,497,475.7,Neutral
ID_835,Type A,2020-04-14,30,125.15,Positive
ID_836,Type D,2020-04-15,755,426.15,Neutral
ID_837,Type D,2020-04-16,796,365.58,Negative
ID_838,Type D,2020-04-17,100,331.07,Positive
ID_839,Type D,2020-04-18,954,496.52,Negative
ID_840,Type B,2020-04-19,820,125.53,Positive
ID_841,Type B,2020-04-20,833,495.9,Neutral
ID_842,Type B,2020-04-21,301,403.67,Positive
ID_843,Type A,2020-04-22,567,93.38,Negative
ID_844,Type A,2020-04-23,279,277.79,Neutral
ID_845,Type B,2020-04-24,580,264.48,Positive
ID_846,Type C,2020-04-25,756,118.79,Negative
ID_847,Type A,2020-04-26,160,478.18,Positive
ID_848,Type B,2020-04-27,662,465.45,Positive
ID_849,Type A,2020-04-28,682,222.8,Negative
ID_850,Type D,2020-04-29,573,263.28,Neutral
ID_851,Type A,2020-04-30,970,80.49,Neutral
ID_852,Type B,2020-05-01,888,225.03,Neutral
ID_853,Type D,2020-05-02,871,261.46,Negative
ID_854,Type C,2020-05-03,730,439.69,Neutral
ID_855,Type B,2020-05-04,914,305.89,Neutral
ID_856,Type A,2020-05-05,747,167.48,Neutral
ID_857,Type B,2020-05-06,210,148.8,Neutral
ID_858,Type A,2020-05-07,190,86.3,Positive
ID_859,Type B,2020-05-08,103,151.16,Neutral
ID_860,Type C,2020-05-09,306,266.03,Positive
ID_861,Type C,2020-05-10,987,242.22,Negative
ID_862,Type B,2020-05-11,408,141.42,Neutral
ID_863,Type C,2020-05-12,395,135.72,Positive
ID_864,Type D,2020-05-13,179,464.94,Positive
ID_865,Type D,2020-05-14,232,393.83,Neutral
ID_866,Type C,2020-05-15,685,460.77,Positive
ID_867,Type C,2020-05-16,108,10.14,Neutral
ID_868,Type B,2020-05-17,824,256.45,Negative
ID_869,Type D,2020-05-18,444,111.11,Neutral
ID_870,Type B,2020-05-19,506,488.59,Neutral
ID_871,Type D,2020-05-20,5,473.43,Positive
ID_872,Type A,2020-05-21,485,318.63,Negative
ID_873,Type A,2020-05-22,201,341.22,Neutral
ID_874,Type D,2020-05-23,65,64.08,Positive
ID_875,Type D,2020-05-24,907,323.46,Negative
ID_876,Type D,2020-05-25,285,469.01,Neutral
ID_877,Type A,2020-05-26,483,281.35,Positive
ID_878,Type C,2020-05-27,131,471.16,Negative
ID_879,Type A,2020-05-28,591,13.98,Neutral
ID_880,Type C,2020-05-29,604,238.69,Negative
ID_881,Type D,2020-05-30,457,236.24,Positive
ID_882,Type A,2020-05-31,348,113.69,Positive
ID_883,Type B,2020-06-01,513,48.83,Negative
ID_884,Type C,2020-06-02,436,72.7,Neutral
ID_885,Type C,2020-06-03,29,226.72,Negative
ID_886,Type C,2020-06-04,766,120.89,Positive
ID_887,Type C,2020-06-05,752,492.3,Positive
ID_888,Type C,2020-06-06,743,92.58,Negative
ID_889,Type B,2020-06-07,450,447.67,Negative
ID_890,Type D,2020-06-08,934,44.03,Neutral
ID_891,Type D,2020-06-09,666,250.45,Negative
ID_892,Type A,2020-06-10,94,20.3,Negative
ID_893,Type C,2020-06-11,137,402.02,Negative
ID_894,Type B,2020-06-12,599,147.49,Neutral
ID_895,Type C,2020-06-13,909,238.57,Neutral
ID_896,Type D,2020-06-14,396,383.87,Negative
ID_897,Type C,2020-06-15,925,234.51,Neutral
ID_898,Type A,2020-06-16,161,20.99,Neutral
ID_899,Type A,2020-06-17,442,60.85,Negative
ID_900,Type A,2020-06-18,30,162.44,Positive
ID_901,Type A,2020-06-19,405,329.4,Positive
ID_902,Type A,2020-06-20,127,167.6,Positive
ID_903,Type D,2020-06-21,573,288.77,Negative
ID_904,Type C,2020-06-22,787,212.93,Positive
ID_905,Type A,2020-06-23,241,316.27,Neutral
ID_906,Type A,2020-06-24,151,172.87,Neutral
ID_907,Type D,2020-06-25,395,261.68,Positive
ID_908,Type D,2020-06-26,55,69.01,Positive
ID_909,Type D,2020-06-27,763,356.14,Positive
ID_910,Type D,2020-06-28,702,281.73,Negative
ID_911,Type B,2020-06-29,588,453.18,Positive
ID_912,Type A,2020-06-30,684,290.01,Negative
ID_913,Type C,2020-07-01,527,357.17,Negative
ID_914,Type B,2020-07-02,82,409.85,Neutral
ID_915,Type D,2020-07-03,138,326.81,Neutral
ID_916,Type D,2020-07-04,917,317.88,Neutral
ID_917,Type B,2020-07-05,859,333.61,Neutral
ID_918,Type C,2020-07-06,99,48.4,Positive
ID_919,Type D,2020-07-07,746,142.26,Positive
ID_920,Type C,2020-07-08,113,363.03,Negative
ID_921,Type D,2020-07-09,235,33.7,Neutral
ID_922,Type D,2020-07-10,439,285.86,Neutral
ID_923,Type B,2020-07-11,734,461.6,Positive
ID_924,Type B,2020-07-12,767,478.0,Negative
ID_925,Type B,2020-07-13,61,459.75,Negative
ID_926,Type C,2020-07-14,119,309.49,Neutral
ID_927,Type A,2020-07-15,144,418.41,Positive
ID_928,Type C,2020-07-16,180,372.71,Neutral
ID_929,Type A,2020-07-17,264,334.91,Positive
ID_930,Type A,2020-07-18,219,254.67,Positive
ID_931,Type C,2020-07-19,223,441.03,Neutral
ID_932,Type A,2020-07-20,171,263.82,Neutral
ID_933,Type B,2020-07-21,584,485.08,Positive
ID_934,Type B,2020-07-22,316,214.2,Neutral
ID_935,Type C,2020-07-23,382,373.19,Positive
ID_936,Type C,2020-07-24,120,153.27,Positive
ID_937,Type A,2020-07-25,702,422.52,Neutral
ID_938,Type A,2020-07-26,360,374.99,Negative
ID_939,Type D,2020-07-27,277,202.49,Negative
ID_940,Type B,2020-07-28,612,363.01,Positive
ID_941,Type A,2020-07-29,364,278.74,Neutral
ID_942,Type D,2020-07-30,906,174.91,Negative
ID_943,Type B,2020-07-31,962,32.36,Positive
ID_944,Type C,2020-08-01,272,142.02,Positive
ID_945,Type B,2020-08-02,82,159.8,Positive
ID_946,Type A,2020-08-03,979,330.27,Negative
ID_947,Type C,2020-08-04,438,386.96,Positive
ID_948,Type B,2020-08-05,947,85.6,Positive
ID_949,Type B,2020-08-06,556,247.71,Negative
ID_950,Type C,2020-08-07,208,248.46,Positive
ID_951,Type A,2020-08-08,887,133.86,Neutral
ID_952,Type C,2020-08-09,146,126.58,Neutral
ID_953,Type B,2020-08-10,609,425.04,Neutral
ID_954,Type C,2020-08-11,183,409.56,Positive
ID_955,Type A,2020-08-12,58,464.2,Neutral
ID_956,Type B,2020-08-13,667,192.75,Neutral
ID_957,Type C,2020-08-14,964,184.45,Negative
ID_958,Type D,2020-08-15,17,499.7,Neutral
ID_959,Type B,2020-08-16,77,26.66,Positive
ID_960,Type A,2020-08-17,508,138.79,Neutral
ID_961,Type C,2020-08-18,895,393.18,Negative
ID_962,Type A,2020-08-19,217,212.84,Positive
ID_963,Type A,2020-08-20,662,277.29,Negative
ID_964,Type A,2020-08-21,406,470.23,Negative
ID_965,Type D,2020-08-22,313,244.79,Positive
ID_966,Type D,2020-08-23,838,45.75,Neutral
ID_967,Type B,2020-08-24,792,453.55,Neutral
ID_968,Type C,2020-08-25,600,127.56,Negative
ID_969,Type C,2020-08-26,513,21.9,Positive
ID_970,Type D,2020-08-27,357,391.91,Positive
ID_971,Type C,2020-08-28,949,345.7,Neutral
ID_972,Type B,2020-08-29,724,445.45,Positive
ID_973,Type B,2020-08-30,343,491.36,Positive
ID_974,Type C,2020-08-31,905,161.56,Positive
ID_975,Type B,2020-09-01,280,209.62,Neutral
ID_976,Type D,2020-09-02,710,218.28,Negative
ID_977,Type D,2020-09-03,735,322.22,Positive
ID_978,Type B,2020-09-04,41,310.67,Neutral
ID_979,Type B,2020-09-05,965,395.2,Negative
ID_980,Type D,2020-09-06,498,447.46,Neutral
ID_981,Type A,2020-09-07,346,34.65,Neutral
ID_982,Type A,2020-09-08,42,345.23,Positive
ID_983,Type D,2020-09-09,723,432.66,Neutral
ID_984,Type D,2020-09-10,122,429.52,Positive
ID_985,Type B,2020-09-11,169,366.86,Neutral
ID_986,Type C,2020-09-12,726,408.77,Positive
ID_987,Type C,2020-09-13,757,476.19,Negative
ID_988,Type D,2020-09-14,448,487.07,Negative
ID_989,Type D,2020-09-15,322,66.97,Positive
ID_990,Type B,2020-09-16,139,106.32,Positive
ID_991,Type D,2020-09-17,125,349.98,Neutral
ID_992,Type D,2020-09-18,892,479.87,Positive
ID_993,Type C,2020-09-19,957,201.5,Positive
ID_994,Type D,2020-09-20,804,213.24,Negative
ID_995,Type C,2020-09-21,46,450.26,Positive
ID_996,Type C,2020-09-22,191,151.18,Negative
ID_997,Type D,2020-09-23,679,170.6,Positive
ID_998,Type B,2020-09-24,333,129.83,Negative
ID_999,Type B,2020-09-25,840,195.12,Negative
ID_1000,Type D,2020-09-26,961,170.19,Positive
